M3,0,0,31
M3,0,0,32
M3,0,0,33
M3,0,0,34
M3,0,0,35
M3,0,0,36
M3,0,0,37
M3,0,0,38
M3,0,0,39
M3,0,0,310
M3,0,0,311
M3,0,0,312
M3,0,0,313
M3,0,0,314
M3,0,0,315
M3,0,0,316
M3,0,0,317
M2,0,0,21
M2,0,0,22
M2,0,0,23
M2,0,0,24
M2,0,0,25
M2,0,0,26
M2,0,0,27
M2,0,0,28
M2,0,0,29
M2,0,0,210
M2,0,0,211
M2,0,0,212
M2,0,0,213
M2,0,0,214
M2,0,0,215
M2,0,0,216
M2,0,0,217
M1,0,0,11
M1,0,0,12
M1,0,0,13
M1,0,0,14
M1,0,0,15
M1,0,0,16
M1,0,0,17
M1,0,0,18
M1,0,0,19
M1,0,0,110
M1,0,0,111
M1,0,0,112
M1,0,0,113
M1,0,0,114
M1,0,0,115
M1,0,0,116
M1,0,0,117
